{"cameraMode":{"drawMode":0,"name":"Shaded","section":"Shading Mode"},"sceneLighting":false,"audioPlay":false,"sceneViewState":{"showFog":true,"showMaterialUpdate":false,"showSkybox":true,"showFlares":true,"showImageEffects":true,"showParticleSystems":true},"in2DMode":false,"pivot":{"x":-37.0440673828125,"y":2.496309280395508,"z":14.364872932434082},"rotation":{"x":-0.32229018211364748,"y":0.5704571604728699,"z":-0.25908008217811587,"w":-0.7096374034881592},"size":16.91473960876465,"orthographic":false}