{"cameraMode":{"drawMode":0,"name":"Shaded","section":"Shading Mode"},"sceneLighting":false,"audioPlay":false,"sceneViewState":{"showFog":true,"showMaterialUpdate":false,"showSkybox":true,"showFlares":true,"showImageEffects":true,"showParticleSystems":true},"in2DMode":false,"pivot":{"x":-25.436901092529298,"y":7.87959098815918,"z":35.27469253540039},"rotation":{"x":-0.32229018211364748,"y":0.5704571604728699,"z":-0.25908008217811587,"w":-0.7096374034881592},"size":20.20073699951172,"orthographic":false}