{"cameraMode":{"drawMode":0,"name":"Shaded","section":"Shading Mode"},"sceneLighting":false,"audioPlay":false,"sceneViewState":{"showFog":true,"showMaterialUpdate":false,"showSkybox":true,"showFlares":true,"showImageEffects":true,"showParticleSystems":true},"in2DMode":false,"pivot":{"x":-25.373136520385743,"y":4.403634071350098,"z":35.09196472167969},"rotation":{"x":-0.16927821934223176,"y":0.7630160450935364,"z":-0.22160352766513825,"w":-0.5831324458122253},"size":26.88472557067871,"orthographic":false}