{"cameraMode":{"drawMode":0,"name":"Shaded","section":"Shading Mode"},"sceneLighting":false,"audioPlay":false,"sceneViewState":{"showFog":true,"showMaterialUpdate":false,"showSkybox":true,"showFlares":true,"showImageEffects":true,"showParticleSystems":true},"in2DMode":false,"pivot":{"x":80.04850769042969,"y":-23.898773193359376,"z":-9.593777656555176},"rotation":{"x":-0.1683730036020279,"y":0.82364422082901,"z":-0.4408060610294342,"w":-0.3145643472671509},"size":14.072778701782227,"orthographic":false}