{"cameraMode":{"drawMode":0,"name":"Shaded","section":"Shading Mode"},"sceneLighting":false,"audioPlay":false,"sceneViewState":{"showFog":true,"showMaterialUpdate":false,"showSkybox":true,"showFlares":true,"showImageEffects":true,"showParticleSystems":true},"in2DMode":false,"pivot":{"x":0.7926230430603027,"y":1.0111254453659058,"z":0.6246516108512878},"rotation":{"x":-0.35578814148902895,"y":-0.22925250232219697,"z":0.09049899131059647,"w":-0.901481032371521},"size":3.228071689605713,"orthographic":false}