{"cameraMode":{"drawMode":0,"name":"Shaded","section":"Shading Mode"},"sceneLighting":false,"audioPlay":false,"sceneViewState":{"showFog":true,"showMaterialUpdate":false,"showSkybox":true,"showFlares":true,"showImageEffects":true,"showParticleSystems":true},"in2DMode":false,"pivot":{"x":-64.03424072265625,"y":-42.23860549926758,"z":-133.44593811035157},"rotation":{"x":-0.24545513093471528,"y":-0.5999908447265625,"z":0.20051686465740205,"w":-0.7345446348190308},"size":14.072778701782227,"orthographic":false}