{"cameraMode":{"drawMode":0,"name":"Shaded","section":"Shading Mode"},"sceneLighting":false,"audioPlay":false,"sceneViewState":{"showFog":true,"showMaterialUpdate":false,"showSkybox":true,"showFlares":true,"showImageEffects":true,"showParticleSystems":true},"in2DMode":false,"pivot":{"x":0.6379261016845703,"y":0.9166207313537598,"z":0.9546186923980713},"rotation":{"x":-0.22223542630672456,"y":-0.387077271938324,"z":0.09672274440526962,"w":-0.8896220326423645},"size":5.108442306518555,"orthographic":false}