{"cameraMode":{"drawMode":0,"name":"Shaded","section":"Shading Mode"},"sceneLighting":false,"audioPlay":false,"sceneViewState":{"showFog":true,"showMaterialUpdate":false,"showSkybox":true,"showFlares":true,"showImageEffects":true,"showParticleSystems":true},"in2DMode":false,"pivot":{"x":-72.01825714111328,"y":-40.672943115234378,"z":-87.1017074584961},"rotation":{"x":-0.24922704696655274,"y":-0.45683521032333376,"z":0.13505631685256959,"w":-0.8431769609451294},"size":3.9209890365600588,"orthographic":false}