{"cameraMode":{"drawMode":0,"name":"Shaded","section":"Shading Mode"},"sceneLighting":false,"audioPlay":false,"sceneViewState":{"showFog":true,"showMaterialUpdate":false,"showSkybox":true,"showFlares":true,"showImageEffects":true,"showParticleSystems":true},"in2DMode":false,"pivot":{"x":-46.06665802001953,"y":-37.88682556152344,"z":-67.04507446289063},"rotation":{"x":-0.2480202317237854,"y":-0.32084593176841738,"z":0.08745551854372025,"w":-0.9098876118659973},"size":7.374606609344482,"orthographic":false}