{"cameraMode":{"drawMode":0,"name":"Shaded","section":"Shading Mode"},"sceneLighting":false,"audioPlay":false,"sceneViewState":{"showFog":true,"showMaterialUpdate":false,"showSkybox":true,"showFlares":true,"showImageEffects":true,"showParticleSystems":true},"in2DMode":false,"pivot":{"x":54.25330352783203,"y":-37.56455612182617,"z":-45.19807434082031},"rotation":{"x":-0.3412781357765198,"y":0.47167709469795229,"z":-0.20457154512405396,"w":-0.786892831325531},"size":92.1675033569336,"orthographic":false}