{"cameraMode":{"drawMode":0,"name":"Shaded","section":"Shading Mode"},"sceneLighting":false,"audioPlay":false,"sceneViewState":{"showFog":true,"showMaterialUpdate":false,"showSkybox":true,"showFlares":true,"showImageEffects":true,"showParticleSystems":true},"in2DMode":false,"pivot":{"x":14.609999656677246,"y":-39.529998779296878,"z":-30.469999313354493},"rotation":{"x":-0.037656765431165698,"y":0.15435709059238435,"z":-0.005888947751373053,"w":-0.9872796535491943},"size":22.0,"orthographic":false}