{"cameraMode":{"drawMode":0,"name":"Shaded","section":"Shading Mode"},"sceneLighting":false,"audioPlay":false,"sceneViewState":{"showFog":true,"showMaterialUpdate":false,"showSkybox":true,"showFlares":true,"showImageEffects":true,"showParticleSystems":true},"in2DMode":false,"pivot":{"x":-84.62496185302735,"y":-36.686058044433597,"z":-73.2813949584961},"rotation":{"x":0.14763078093528748,"y":0.7623880505561829,"z":-0.18706907331943513,"w":0.601643443107605},"size":21.04407501220703,"orthographic":false}