{"cameraMode":{"drawMode":0,"name":"Shaded","section":"Shading Mode"},"sceneLighting":false,"audioPlay":false,"sceneViewState":{"showFog":true,"showMaterialUpdate":false,"showSkybox":true,"showFlares":true,"showImageEffects":true,"showParticleSystems":true},"in2DMode":false,"pivot":{"x":3.535334587097168,"y":-36.73527908325195,"z":20.17618179321289},"rotation":{"x":0.01858489401638508,"y":-0.06204923242330551,"z":0.0011522899148985744,"w":0.9978993535041809},"size":6.88752555847168,"orthographic":false}