{"cameraMode":{"drawMode":0,"name":"Shaded","section":"Shading Mode"},"sceneLighting":true,"audioPlay":false,"sceneViewState":{"showFog":true,"showMaterialUpdate":false,"showSkybox":true,"showFlares":true,"showImageEffects":true,"showParticleSystems":true},"in2DMode":false,"pivot":{"x":-37.660667419433597,"y":-33.459442138671878,"z":-10.836960792541504},"rotation":{"x":-0.32229018211364748,"y":0.5704571604728699,"z":-0.25908008217811587,"w":-0.7096374034881592},"size":7.729076385498047,"orthographic":false}