{"cameraMode":{"drawMode":0,"name":"Shaded","section":"Shading Mode"},"sceneLighting":false,"audioPlay":false,"sceneViewState":{"showFog":true,"showMaterialUpdate":false,"showSkybox":true,"showFlares":true,"showImageEffects":true,"showParticleSystems":true},"in2DMode":false,"pivot":{"x":-46.06665802001953,"y":-37.88682556152344,"z":-67.04507446289063},"rotation":{"x":-0.21046994626522065,"y":-0.28269729018211367,"z":0.0637250617146492,"w":-0.9336615800857544},"size":7.374606609344482,"orthographic":false}