{"cameraMode":{"drawMode":0,"name":"Shaded","section":"Shading Mode"},"sceneLighting":false,"audioPlay":false,"sceneViewState":{"showFog":true,"showMaterialUpdate":false,"showSkybox":true,"showFlares":true,"showImageEffects":true,"showParticleSystems":true},"in2DMode":false,"pivot":{"x":-65.47702026367188,"y":-38.55757141113281,"z":-139.39010620117188},"rotation":{"x":-0.11241694539785385,"y":-0.16878822445869447,"z":0.019382325932383539,"w":-0.9790287613868713},"size":1.3072254657745362,"orthographic":false}