{"cameraMode":{"drawMode":0,"name":"Shaded","section":"Shading Mode"},"sceneLighting":false,"audioPlay":false,"sceneViewState":{"showFog":true,"showMaterialUpdate":false,"showSkybox":true,"showFlares":true,"showImageEffects":true,"showParticleSystems":true},"in2DMode":false,"pivot":{"x":54.25330352783203,"y":-37.56455612182617,"z":-45.19807434082031},"rotation":{"x":-0.34127816557884219,"y":0.47167715430259707,"z":-0.20457157492637635,"w":-0.7868929505348206},"size":92.1675033569336,"orthographic":false}