{"cameraMode":{"drawMode":0,"name":"Shaded","section":"Shading Mode"},"sceneLighting":false,"audioPlay":false,"sceneViewState":{"showFog":true,"showMaterialUpdate":false,"showSkybox":true,"showFlares":true,"showImageEffects":true,"showParticleSystems":true},"in2DMode":false,"pivot":{"x":-106.33999633789063,"y":-37.98845672607422,"z":-58.12000274658203},"rotation":{"x":0.17819678783416749,"y":0.40975505113601687,"z":-0.08195886760950089,"w":0.8908587694168091},"size":8.66936206817627,"orthographic":false}