{"cameraMode":{"drawMode":0,"name":"Shaded","section":"Shading Mode"},"sceneLighting":false,"audioPlay":false,"sceneViewState":{"showFog":true,"showMaterialUpdate":false,"showSkybox":true,"showFlares":true,"showImageEffects":true,"showParticleSystems":true},"in2DMode":false,"pivot":{"x":104.52847290039063,"y":-39.145999908447269,"z":-16.477523803710939},"rotation":{"x":-0.197977676987648,"y":0.6426312923431397,"z":-0.17703035473823548,"w":-0.7186725735664368},"size":2.118394136428833,"orthographic":false}