{"cameraMode":{"drawMode":0,"name":"Shaded","section":"Shading Mode"},"sceneLighting":false,"audioPlay":false,"sceneViewState":{"showFog":true,"showMaterialUpdate":false,"showSkybox":true,"showFlares":true,"showImageEffects":true,"showParticleSystems":true},"in2DMode":false,"pivot":{"x":-100.98388671875,"y":-35.0062370300293,"z":-38.875701904296878},"rotation":{"x":-0.04419589415192604,"y":0.8104174137115479,"z":-0.5809206366539002,"w":-0.06165770813822746},"size":35.526275634765628,"orthographic":false}