{"cameraMode":{"drawMode":0,"name":"Shaded","section":"Shading Mode"},"sceneLighting":false,"audioPlay":false,"sceneViewState":{"showFog":true,"showMaterialUpdate":false,"showSkybox":true,"showFlares":true,"showImageEffects":true,"showParticleSystems":true},"in2DMode":false,"pivot":{"x":61.91151428222656,"y":-39.1375617980957,"z":-11.175247192382813},"rotation":{"x":-0.32229018211364748,"y":0.5704571604728699,"z":-0.25908008217811587,"w":-0.7096374034881592},"size":1.9572945833206177,"orthographic":false}