{"cameraMode":{"drawMode":0,"name":"Shaded","section":"Shading Mode"},"sceneLighting":false,"audioPlay":false,"sceneViewState":{"showFog":true,"showMaterialUpdate":false,"showSkybox":true,"showFlares":true,"showImageEffects":true,"showParticleSystems":true},"in2DMode":false,"pivot":{"x":33.17984390258789,"y":2.3824045658111574,"z":148.00453186035157},"rotation":{"x":-0.2933238744735718,"y":-0.672947347164154,"z":0.5913234949111939,"w":-0.3338254690170288},"size":514.3753051757813,"orthographic":false}