{"cameraMode":{"drawMode":0,"name":"Shaded","section":"Shading Mode"},"sceneLighting":false,"audioPlay":false,"sceneViewState":{"showFog":true,"showMaterialUpdate":false,"showSkybox":true,"showFlares":true,"showImageEffects":true,"showParticleSystems":true},"in2DMode":false,"pivot":{"x":-101.38951110839844,"y":-33.11294937133789,"z":-31.40039825439453},"rotation":{"x":-0.13903965055942536,"y":0.8488641381263733,"z":-0.4297257363796234,"w":-0.27465149760246279},"size":15.9146146774292,"orthographic":false}