{"cameraMode":{"drawMode":0,"name":"Shaded","section":"Shading Mode"},"sceneLighting":false,"audioPlay":false,"sceneViewState":{"showFog":true,"showMaterialUpdate":false,"showSkybox":true,"showFlares":true,"showImageEffects":true,"showParticleSystems":true},"in2DMode":false,"pivot":{"x":-106.26822662353516,"y":-38.125099182128909,"z":-60.94252014160156},"rotation":{"x":-0.026286084204912187,"y":0.9658240079879761,"z":-0.10854749381542206,"w":-0.23390258848667146},"size":7.340076923370361,"orthographic":false}