{"cameraMode":{"drawMode":0,"name":"Shaded","section":"Shading Mode"},"sceneLighting":false,"audioPlay":false,"sceneViewState":{"showFog":true,"showMaterialUpdate":false,"showSkybox":true,"showFlares":true,"showImageEffects":true,"showParticleSystems":true},"in2DMode":false,"pivot":{"x":9.549680709838868,"y":-38.9669075012207,"z":-34.88679885864258},"rotation":{"x":-0.06799685209989548,"y":0.9139074087142944,"z":-0.3613475561141968,"w":-0.17198151350021363},"size":42.8549919128418,"orthographic":false}