{"cameraMode":{"drawMode":0,"name":"Shaded","section":"Shading Mode"},"sceneLighting":false,"audioPlay":false,"sceneViewState":{"showFog":true,"showMaterialUpdate":false,"showSkybox":true,"showFlares":true,"showImageEffects":true,"showParticleSystems":true},"in2DMode":false,"pivot":{"x":-66.25494384765625,"y":-38.265953063964847,"z":-135.74264526367188},"rotation":{"x":-0.3270232677459717,"y":0.16271045804023744,"z":-0.05726923048496246,"w":-0.9291401505470276},"size":1.3416588306427003,"orthographic":false}