{"cameraMode":{"drawMode":0,"name":"Shaded","section":"Shading Mode"},"sceneLighting":false,"audioPlay":false,"sceneViewState":{"showFog":true,"showMaterialUpdate":false,"showSkybox":true,"showFlares":true,"showImageEffects":true,"showParticleSystems":true},"in2DMode":false,"pivot":{"x":3.535334587097168,"y":-36.73527908325195,"z":20.17618179321289},"rotation":{"x":0.018584895879030229,"y":-0.06204923614859581,"z":0.0011522900313138962,"w":0.9978994131088257},"size":6.88752555847168,"orthographic":false}