{"cameraMode":{"drawMode":0,"name":"Shaded","section":"Shading Mode"},"sceneLighting":true,"audioPlay":false,"sceneViewState":{"showFog":true,"showMaterialUpdate":false,"showSkybox":true,"showFlares":true,"showImageEffects":true,"showParticleSystems":true},"in2DMode":false,"pivot":{"x":36.99361801147461,"y":-38.020450592041019,"z":-13.034688949584961},"rotation":{"x":0.009693916887044907,"y":0.9887699484825134,"z":-0.074019655585289,"w":0.1294650435447693},"size":7.349367618560791,"orthographic":false}