{"cameraMode":{"drawMode":0,"name":"Shaded","section":"Shading Mode"},"sceneLighting":false,"audioPlay":false,"sceneViewState":{"showFog":true,"showMaterialUpdate":false,"showSkybox":true,"showFlares":true,"showImageEffects":true,"showParticleSystems":true},"in2DMode":false,"pivot":{"x":0.7260408401489258,"y":5.978582859039307,"z":0.9653170108795166},"rotation":{"x":-0.06506774574518204,"y":-0.8634490370750427,"z":0.11543072760105133,"w":-0.4867214560508728},"size":3.278529644012451,"orthographic":false}