{"cameraMode":{"drawMode":0,"name":"Shaded","section":"Shading Mode"},"sceneLighting":false,"audioPlay":false,"sceneViewState":{"showFog":true,"showMaterialUpdate":false,"showSkybox":true,"showFlares":true,"showImageEffects":true,"showParticleSystems":true},"in2DMode":false,"pivot":{"x":0.10847069323062897,"y":0.08267110586166382,"z":0.04110865294933319},"rotation":{"x":0.13512003421783448,"y":-0.828743040561676,"z":0.22696052491664887,"w":0.4933725595474243},"size":1.6294746398925782,"orthographic":false}