{"cameraMode":{"drawMode":0,"name":"Shaded","section":"Shading Mode"},"sceneLighting":true,"audioPlay":false,"sceneViewState":{"showFog":true,"showMaterialUpdate":false,"showSkybox":true,"showFlares":true,"showImageEffects":true,"showParticleSystems":true},"in2DMode":false,"pivot":{"x":155.0249786376953,"y":-42.184295654296878,"z":39.4791374206543},"rotation":{"x":0.12900269031524659,"y":-0.6761832237243652,"z":0.12199703603982926,"w":0.7150184512138367},"size":13.013619422912598,"orthographic":false}