{"cameraMode":{"drawMode":0,"name":"Shaded","section":"Shading Mode"},"sceneLighting":false,"audioPlay":false,"sceneViewState":{"showFog":true,"showMaterialUpdate":false,"showSkybox":true,"showFlares":true,"showImageEffects":true,"showParticleSystems":true},"in2DMode":false,"pivot":{"x":0.9139999747276306,"y":0.3700000047683716,"z":0.6830000281333923},"rotation":{"x":0.32291489839553835,"y":0.002535739680752158,"z":-0.0008695043507032096,"w":0.9464242458343506},"size":22.0,"orthographic":false}