{"cameraMode":{"drawMode":0,"name":"Shaded","section":"Shading Mode"},"sceneLighting":true,"audioPlay":false,"sceneViewState":{"showFog":true,"showMaterialUpdate":false,"showSkybox":true,"showFlares":true,"showImageEffects":true,"showParticleSystems":true},"in2DMode":false,"pivot":{"x":144.89999389648438,"y":-37.689998626708987,"z":41.20000076293945},"rotation":{"x":0.1581646353006363,"y":-0.8278551697731018,"z":0.28800761699676516,"w":0.4546334147453308},"size":14.890594482421875,"orthographic":false}