{"cameraMode":{"drawMode":0,"name":"Shaded","section":"Shading Mode"},"sceneLighting":false,"audioPlay":false,"sceneViewState":{"showFog":true,"showMaterialUpdate":false,"showSkybox":true,"showFlares":true,"showImageEffects":true,"showParticleSystems":true},"in2DMode":false,"pivot":{"x":-3.0291125774383547,"y":17.977537155151368,"z":-5.608180046081543},"rotation":{"x":-0.264161080121994,"y":0.25844839215278628,"z":-0.07370201498270035,"w":-0.926278293132782},"size":77.86857604980469,"orthographic":false}