{"cameraMode":{"drawMode":0,"name":"Shaded","section":"Shading Mode"},"sceneLighting":false,"audioPlay":false,"sceneViewState":{"showFog":true,"showMaterialUpdate":false,"showSkybox":true,"showFlares":true,"showImageEffects":true,"showParticleSystems":true},"in2DMode":false,"pivot":{"x":-4.829078674316406,"y":22.53076171875,"z":-4.511039733886719},"rotation":{"x":-0.264161080121994,"y":0.25844839215278628,"z":-0.07370201498270035,"w":-0.926278293132782},"size":69.95245361328125,"orthographic":false}