{"cameraMode":{"drawMode":0,"name":"Shaded","section":"Shading Mode"},"sceneLighting":false,"audioPlay":false,"sceneViewState":{"showFog":true,"showMaterialUpdate":false,"showSkybox":true,"showFlares":true,"showImageEffects":true,"showParticleSystems":true},"in2DMode":false,"pivot":{"x":0.15004563331604005,"y":0.7448685169219971,"z":-0.6098968982696533},"rotation":{"x":0.09634958207607269,"y":-0.9033204317092896,"z":0.30820730328559878,"w":0.28237783908843996},"size":5.229475975036621,"orthographic":false}