{"cameraMode":{"drawMode":0,"name":"Shaded","section":"Shading Mode"},"sceneLighting":false,"audioPlay":false,"sceneViewState":{"showFog":true,"showMaterialUpdate":false,"showSkybox":true,"showFlares":true,"showImageEffects":true,"showParticleSystems":true},"in2DMode":false,"pivot":{"x":-3.0291125774383547,"y":17.977537155151368,"z":-5.608180046081543},"rotation":{"x":0.32291489839553835,"y":0.002535739680752158,"z":-0.0008695043507032096,"w":0.9464242458343506},"size":77.86857604980469,"orthographic":false}