{"cameraMode":{"drawMode":0,"name":"Shaded","section":"Shading Mode"},"sceneLighting":true,"audioPlay":false,"sceneViewState":{"showFog":true,"showMaterialUpdate":false,"showSkybox":true,"showFlares":true,"showImageEffects":true,"showParticleSystems":true},"in2DMode":false,"pivot":{"x":-23.16464614868164,"y":-32.31452941894531,"z":-74.24848175048828},"rotation":{"x":0.4834318459033966,"y":-0.05820991471409798,"z":0.032244015485048297,"w":0.87284916639328},"size":96.07598876953125,"orthographic":true}