{"cameraMode":{"drawMode":0,"name":"Shaded","section":"Shading Mode"},"sceneLighting":false,"audioPlay":false,"sceneViewState":{"showFog":true,"showMaterialUpdate":false,"showSkybox":true,"showFlares":true,"showImageEffects":true,"showParticleSystems":true},"in2DMode":false,"pivot":{"x":31.71877670288086,"y":-35.47849655151367,"z":-4.923855304718018},"rotation":{"x":-0.2599361836910248,"y":-0.5634878277778626,"z":0.1926834136247635,"w":-0.7601235508918762},"size":6.182554721832275,"orthographic":false}