{"cameraMode":{"drawMode":0,"name":"Shaded","section":"Shading Mode"},"sceneLighting":false,"audioPlay":false,"sceneViewState":{"showFog":true,"showMaterialUpdate":false,"showSkybox":true,"showFlares":true,"showImageEffects":true,"showParticleSystems":true},"in2DMode":false,"pivot":{"x":-33.22929382324219,"y":17.45270538330078,"z":15.766422271728516},"rotation":{"x":-0.16927821934223176,"y":0.7630159854888916,"z":-0.22160351276397706,"w":-0.5831324458122253},"size":41.061153411865237,"orthographic":false}