{"cameraMode":{"drawMode":0,"name":"Shaded","section":"Shading Mode"},"sceneLighting":false,"audioPlay":false,"sceneViewState":{"showFog":true,"showMaterialUpdate":false,"showSkybox":true,"showFlares":true,"showImageEffects":true,"showParticleSystems":true},"in2DMode":false,"pivot":{"x":-66.03121948242188,"y":-36.63343048095703,"z":-130.0650634765625},"rotation":{"x":-0.18074554204940797,"y":0.20082159340381623,"z":-0.03773169592022896,"w":-0.9620696902275086},"size":12.312155723571778,"orthographic":false}