{"cameraMode":{"drawMode":0,"name":"Shaded","section":"Shading Mode"},"sceneLighting":false,"audioPlay":false,"sceneViewState":{"showFog":true,"showMaterialUpdate":false,"showSkybox":true,"showFlares":true,"showImageEffects":true,"showParticleSystems":true},"in2DMode":false,"pivot":{"x":133.35614013671876,"y":-39.48845672607422,"z":33.129730224609378},"rotation":{"x":0.06729427725076676,"y":-0.9320152401924133,"z":0.23253855109214784,"w":0.2697126865386963},"size":32.63895797729492,"orthographic":false}