{"cameraMode":{"drawMode":0,"name":"Shaded","section":"Shading Mode"},"sceneLighting":false,"audioPlay":false,"sceneViewState":{"showFog":true,"showMaterialUpdate":false,"showSkybox":true,"showFlares":true,"showImageEffects":true,"showParticleSystems":true},"in2DMode":false,"pivot":{"x":-37.0440673828125,"y":2.496309280395508,"z":14.364872932434082},"rotation":{"x":-0.16927821934223176,"y":0.7630159854888916,"z":-0.22160351276397706,"w":-0.5831324458122253},"size":16.91473960876465,"orthographic":false}