{"cameraMode":{"drawMode":0,"name":"Shaded","section":"Shading Mode"},"sceneLighting":false,"audioPlay":false,"sceneViewState":{"showFog":true,"showMaterialUpdate":false,"showSkybox":true,"showFlares":true,"showImageEffects":true,"showParticleSystems":true},"in2DMode":false,"pivot":{"x":78.686767578125,"y":-45.26411819458008,"z":-8.167034149169922},"rotation":{"x":0.10694538056850434,"y":0.7247784733772278,"z":-0.11555811017751694,"w":0.6707497239112854},"size":43.207828521728519,"orthographic":false}