{"cameraMode":{"drawMode":0,"name":"Shaded","section":"Shading Mode"},"sceneLighting":false,"audioPlay":false,"sceneViewState":{"showFog":true,"showMaterialUpdate":false,"showSkybox":true,"showFlares":true,"showImageEffects":true,"showParticleSystems":true},"in2DMode":false,"pivot":{"x":-145.7067108154297,"y":20.852272033691408,"z":-89.07058715820313},"rotation":{"x":0.003471530508249998,"y":-0.9717229604721069,"z":0.2356451451778412,"w":0.01462360005825758},"size":369.9340515136719,"orthographic":false}