{"cameraMode":{"drawMode":0,"name":"Shaded","section":"Shading Mode"},"sceneLighting":false,"audioPlay":false,"sceneViewState":{"showFog":true,"showMaterialUpdate":false,"showSkybox":true,"showFlares":true,"showImageEffects":true,"showParticleSystems":true},"in2DMode":false,"pivot":{"x":143.46409606933595,"y":-29.811203002929689,"z":-25.282272338867189},"rotation":{"x":-0.21336965262889863,"y":0.49480292201042178,"z":-0.12677080929279328,"w":-0.8328100442886353},"size":37.66000747680664,"orthographic":false}