{"cameraMode":{"drawMode":0,"name":"Shaded","section":"Shading Mode"},"sceneLighting":false,"audioPlay":false,"sceneViewState":{"showFog":true,"showMaterialUpdate":false,"showSkybox":true,"showFlares":true,"showImageEffects":true,"showParticleSystems":true},"in2DMode":false,"pivot":{"x":-84.60159301757813,"y":-36.2753791809082,"z":-73.17033386230469},"rotation":{"x":0.5037998557090759,"y":0.2646820545196533,"z":-0.1655556857585907,"w":0.8054318428039551},"size":41.85410690307617,"orthographic":false}