{"cameraMode":{"drawMode":0,"name":"Shaded","section":"Shading Mode"},"sceneLighting":true,"audioPlay":false,"sceneViewState":{"showFog":true,"showMaterialUpdate":false,"showSkybox":true,"showFlares":true,"showImageEffects":true,"showParticleSystems":true},"in2DMode":false,"pivot":{"x":-65.46136474609375,"y":-35.68611526489258,"z":-134.4439239501953},"rotation":{"x":-0.20784589648246766,"y":0.15534673631191255,"z":-0.03345377370715141,"w":-0.9651675820350647},"size":6.1719794273376469,"orthographic":false}