{"cameraMode":{"drawMode":0,"name":"Shaded","section":"Shading Mode"},"sceneLighting":false,"audioPlay":false,"sceneViewState":{"showFog":true,"showMaterialUpdate":false,"showSkybox":true,"showFlares":true,"showImageEffects":true,"showParticleSystems":true},"in2DMode":false,"pivot":{"x":164.46421813964845,"y":-33.774749755859378,"z":42.56935501098633},"rotation":{"x":-0.05203038081526756,"y":-0.86094731092453,"z":0.08995622396469116,"w":-0.4979664087295532},"size":8.075508117675782,"orthographic":false}