{"cameraMode":{"drawMode":0,"name":"Shaded","section":"Shading Mode"},"sceneLighting":false,"audioPlay":false,"sceneViewState":{"showFog":true,"showMaterialUpdate":false,"showSkybox":true,"showFlares":true,"showImageEffects":true,"showParticleSystems":true},"in2DMode":false,"pivot":{"x":-59.426483154296878,"y":59.5555419921875,"z":-152.41128540039063},"rotation":{"x":0.33275294303894045,"y":0.13040772080421449,"z":-0.04652724787592888,"w":0.932793915271759},"size":15.217903137207032,"orthographic":false}