{"cameraMode":{"drawMode":0,"name":"Shaded","section":"Shading Mode"},"sceneLighting":false,"audioPlay":false,"sceneViewState":{"showFog":true,"showMaterialUpdate":false,"showSkybox":true,"showFlares":true,"showImageEffects":true,"showParticleSystems":true},"in2DMode":false,"pivot":{"x":-33.22929382324219,"y":17.45270538330078,"z":15.766422271728516},"rotation":{"x":-0.16927820444107057,"y":0.7630159258842468,"z":-0.22160349786281587,"w":-0.5831323862075806},"size":41.061153411865237,"orthographic":false}