{"cameraMode":{"drawMode":0,"name":"Shaded","section":"Shading Mode"},"sceneLighting":false,"audioPlay":false,"sceneViewState":{"showFog":true,"showMaterialUpdate":false,"showSkybox":true,"showFlares":true,"showImageEffects":true,"showParticleSystems":true},"in2DMode":false,"pivot":{"x":-43.50881576538086,"y":20.39008903503418,"z":-122.52340698242188},"rotation":{"x":0.3432844281196594,"y":-0.6559187173843384,"z":0.4548459053039551,"w":0.4950169324874878},"size":9.975990295410157,"orthographic":false}