{"cameraMode":{"drawMode":0,"name":"Shaded","section":"Shading Mode"},"sceneLighting":false,"audioPlay":false,"sceneViewState":{"showFog":true,"showMaterialUpdate":false,"showSkybox":true,"showFlares":true,"showImageEffects":true,"showParticleSystems":true},"in2DMode":false,"pivot":{"x":-23.073904037475587,"y":-16.820058822631837,"z":-29.108352661132814},"rotation":{"x":-0.543809711933136,"y":0.13783413171768189,"z":0.09110642969608307,"w":0.822783350944519},"size":19.351390838623048,"orthographic":false}