{"cameraMode":{"drawMode":0,"name":"Shaded","section":"Shading Mode"},"sceneLighting":true,"audioPlay":false,"sceneViewState":{"showFog":true,"showMaterialUpdate":false,"showSkybox":true,"showFlares":true,"showImageEffects":true,"showParticleSystems":true},"in2DMode":false,"pivot":{"x":-288.4131774902344,"y":-94.97676086425781,"z":-148.44090270996095},"rotation":{"x":0.06686541438102722,"y":-0.9247201085090637,"z":0.19217908382415772,"w":0.3216969966888428},"size":956.4524536132813,"orthographic":false}