{"cameraMode":{"drawMode":0,"name":"Shaded","section":"Shading Mode"},"sceneLighting":false,"audioPlay":false,"sceneViewState":{"showFog":true,"showMaterialUpdate":false,"showSkybox":true,"showFlares":true,"showImageEffects":true,"showParticleSystems":true},"in2DMode":false,"pivot":{"x":71.2373275756836,"y":-43.87216567993164,"z":6.178957939147949},"rotation":{"x":0.05994091182947159,"y":0.5942447781562805,"z":-0.04447787627577782,"w":0.8008133172988892},"size":43.207828521728519,"orthographic":false}