{"cameraMode":{"drawMode":0,"name":"Shaded","section":"Shading Mode"},"sceneLighting":false,"audioPlay":false,"sceneViewState":{"showFog":true,"showMaterialUpdate":false,"showSkybox":true,"showFlares":true,"showImageEffects":true,"showParticleSystems":true},"in2DMode":false,"pivot":{"x":-60.790435791015628,"y":21.573932647705079,"z":-125.69241333007813},"rotation":{"x":-0.0265471450984478,"y":0.8918573260307312,"z":-0.052775874733924869,"w":-0.44844239950180056},"size":352.5679626464844,"orthographic":false}