{"cameraMode":{"drawMode":0,"name":"Shaded","section":"Shading Mode"},"sceneLighting":false,"audioPlay":false,"sceneViewState":{"showFog":true,"showMaterialUpdate":false,"showSkybox":true,"showFlares":true,"showImageEffects":true,"showParticleSystems":true},"in2DMode":false,"pivot":{"x":-35.131317138671878,"y":8.895304679870606,"z":11.210311889648438},"rotation":{"x":-0.32229018211364748,"y":0.5704571604728699,"z":-0.25908008217811587,"w":-0.7096374034881592},"size":13.552040100097657,"orthographic":false}