{"cameraMode":{"drawMode":0,"name":"Shaded","section":"Shading Mode"},"sceneLighting":false,"audioPlay":false,"sceneViewState":{"showFog":true,"showMaterialUpdate":false,"showSkybox":true,"showFlares":true,"showImageEffects":true,"showParticleSystems":true},"in2DMode":false,"pivot":{"x":0.2958809733390808,"y":10.184945106506348,"z":-1.5732452869415284},"rotation":{"x":0.2796056866645813,"y":-0.39454585313796999,"z":0.12738722562789918,"w":0.8659830689430237},"size":8.157212257385254,"orthographic":false}