{"cameraMode":{"drawMode":0,"name":"Shaded","section":"Shading Mode"},"sceneLighting":false,"audioPlay":false,"sceneViewState":{"showFog":true,"showMaterialUpdate":false,"showSkybox":true,"showFlares":true,"showImageEffects":true,"showParticleSystems":true},"in2DMode":false,"pivot":{"x":-0.14213323593139649,"y":9.677254676818848,"z":0.9473944902420044},"rotation":{"x":-0.21336965262889863,"y":0.49480292201042178,"z":-0.12677080929279328,"w":-0.8328100442886353},"size":37.660011291503909,"orthographic":false}